rank,title,streams,role,preview_url,artwork
1,One Dance,4475983833,Lead Artist,https://audio-ssl.itunes.apple.com/itunes-assets/AudioPreview221/v4/cb/ee/e3/cbeee354-21e5-2c44-daeb-bcd95e26fe6a/mzaf_5204581280747289469.plus.aac.p.m4a,https://is1-ssl.mzstatic.com/image/thumb/Music115/v4/f2/0d/8b/f20d8bff-a927-ae98-6784-20a1f51cb23e/16UMGIM27642.rgb.jpg/100x100bb.jpg
2,God's Plan,3179437624,Lead Artist,https://audio-ssl.itunes.apple.com/itunes-assets/AudioPreview211/v4/c6/4a/be/c64abe74-adb4-cff5-005d-0fab3d72a806/mzaf_10276154697254415719.plus.aac.p.m4a,https://is1-ssl.mzstatic.com/image/thumb/Music115/v4/bb/6d/8f/bb6d8f67-6d04-10b5-dd62-eb5809ac54fc/00602567879152.rgb.jpg/100x100bb.jpg
3,Passionfruit,2385958690,Lead Artist,https://audio-ssl.itunes.apple.com/itunes-assets/AudioPreview211/v4/3d/b7/73/3db773ac-bade-82c1-c570-4a699945d1f6/mzaf_13103071700695768982.plus.aac.p.m4a,https://is1-ssl.mzstatic.com/image/thumb/Music124/v4/18/9d/b8/189db80b-bfa8-89d1-1514-5fcb7e5cf8f4/00602557611526.rgb.jpg/100x100bb.jpg
4,Work,1764857902,Featured Artist,https://audio-ssl.itunes.apple.com/itunes-assets/AudioPreview221/v4/95/27/c5/9527c58a-b72d-c09e-51c8-0c36531f44a4/mzaf_16889711813657214394.plus.aac.p.m4a,https://is1-ssl.mzstatic.com/image/thumb/Music116/v4/13/27/57/132757ba-42e6-9584-7390-ca694292a20e/16UMGIM03372.rgb.jpg/100x100bb.jpg
5,Hotline Bling,1755630644,Lead Artist,https://audio-ssl.itunes.apple.com/itunes-assets/AudioPreview221/v4/73/56/5c/73565c27-16d4-1f8a-ec12-77616e3ca05d/mzaf_9178247693050174633.plus.aac.p.m4a,https://is1-ssl.mzstatic.com/image/thumb/Music115/v4/f2/0d/8b/f20d8bff-a927-ae98-6784-20a1f51cb23e/16UMGIM27642.rgb.jpg/100x100bb.jpg
6,MIA (feat. Drake),1620829092,Featured Artist,https://audio-ssl.itunes.apple.com/itunes-assets/AudioPreview221/v4/72/ad/b6/72adb69d-18a8-a7cd-4534-bba34deb9486/mzaf_14761776520883767907.plus.aac.p.m4a,https://is1-ssl.mzstatic.com/image/thumb/Music126/v4/cf/3a/db/cf3adbe6-8ea1-f60f-60fd-713eefda3962/193483317984.jpg/100x100bb.jpg
7,Love Me,1558488609,Featured Artist,https://audio-ssl.itunes.apple.com/itunes-assets/AudioPreview211/v4/e1/7e/50/e17e5035-3dd7-e926-2654-0a346db63661/mzaf_12690310016510912104.plus.aac.p.m4a,https://is1-ssl.mzstatic.com/image/thumb/Music221/v4/01/ab/d4/01abd4b3-add4-0fec-08aa-fa51cfd5a602/3665718.jpg/100x100bb.jpg
8,In My Feelings,1549509356,Lead Artist,https://audio-ssl.itunes.apple.com/itunes-assets/AudioPreview211/v4/df/e8/e2/dfe8e281-f90d-a00e-141e-aab9f5b0b0b1/mzaf_8379698669799841165.plus.aac.p.m4a,https://is1-ssl.mzstatic.com/image/thumb/Music115/v4/bb/6d/8f/bb6d8f67-6d04-10b5-dd62-eb5809ac54fc/00602567879152.rgb.jpg/100x100bb.jpg
9,Nice For What,1531475442,Lead Artist,https://audio-ssl.itunes.apple.com/itunes-assets/AudioPreview221/v4/b5/df/23/b5df2301-6d1b-bd29-7521-745cc346fb13/mzaf_15429939059485588664.plus.aac.p.m4a,https://is1-ssl.mzstatic.com/image/thumb/Music115/v4/bb/6d/8f/bb6d8f67-6d04-10b5-dd62-eb5809ac54fc/00602567879152.rgb.jpg/100x100bb.jpg
10,Life Is Good (feat. Drake),1517207817,Featured Artist,https://audio-ssl.itunes.apple.com/itunes-assets/AudioPreview211/v4/d9/c4/a7/d9c4a7ba-33db-b009-f240-bf91c4846842/mzaf_6585195396304401295.plus.aac.p.m4a,https://is1-ssl.mzstatic.com/image/thumb/Music211/v4/a9/35/3b/a9353b28-9788-afea-43c1-0a91666ec5a9/810129994124.jpg/100x100bb.jpg
